n,score,baseline,improvement,source
200,0.3710643976,0.3710643976,0.0000000000,ReverseGreedy
199,0.3698460143,0.3698460143,0.0000000000,Baseline
198,0.3677785288,0.3677785288,0.0000000000,Baseline
197,0.3696398376,0.3696398376,0.0000000000,Baseline
196,0.3668706164,0.3668706164,0.0000000000,Baseline
195,0.3686274370,0.3686274370,0.0000000000,Baseline
194,0.3680324964,0.3680324964,0.0000000000,Baseline
193,0.3680812693,0.3680812693,0.0000000000,Baseline
192,0.3690208633,0.3690208633,0.0000000000,Baseline
191,0.3652613023,0.3652613023,0.0000000000,Baseline
190,0.3671837302,0.3671837302,0.0000000000,ReverseGreedy
189,0.3691180040,0.3691265012,0.0000084973,ReverseGreedy
188,0.3710805084,0.3710899401,0.0000094316,ReverseGreedy
187,0.3730644148,0.3730743782,0.0000099634,ReverseGreedy
186,0.3739622249,0.3739622249,0.0000000000,Baseline
185,0.3714674092,0.3714674092,0.0000000000,Baseline
184,0.3685518974,0.3685518974,0.0000000000,Baseline
183,0.3705658422,0.3705658422,0.0000000000,ReverseGreedy
182,0.3679240916,0.3679240916,0.0000000000,Baseline
181,0.3699567899,0.3699567899,0.0000000000,ReverseGreedy
180,0.3673490625,0.3673490625,0.0000000000,Baseline
179,0.3694012919,0.3694012919,0.0000000000,ReverseGreedy
178,0.3714765801,0.3714765801,0.0000000000,ReverseGreedy
177,0.3683201441,0.3683201441,0.0000000000,Baseline
176,0.3691157403,0.3691157403,0.0000000000,Baseline
175,0.3712249731,0.3712249731,0.0000000000,ReverseGreedy
174,0.3686388763,0.3686388763,0.0000000000,Baseline
173,0.3706137024,0.3706137024,0.0000000000,Baseline
172,0.3727543271,0.3727543271,0.0000000000,Baseline
171,0.3742943214,0.3742943214,0.0000000000,Baseline
170,0.3669639757,0.3669639757,0.0000000000,Baseline
169,0.3674353508,0.3674353508,0.0000000000,Baseline
168,0.3696218156,0.3696218156,0.0000000000,Baseline
167,0.3690074222,0.3690074222,0.0000000000,Baseline
166,0.3671879003,0.3671879003,0.0000000000,Baseline
165,0.3694112211,0.3694112211,0.0000000000,Baseline
164,0.3666148142,0.3666148142,0.0000000000,Baseline
163,0.3688635677,0.3688635677,0.0000000000,Baseline
162,0.3674762171,0.3674762171,0.0000000000,Baseline
161,0.3697579698,0.3697579698,0.0000000000,Baseline
160,0.3681298840,0.3681298840,0.0000000000,Baseline
159,0.3704446886,0.3704446886,0.0000000000,Baseline
158,0.3689256702,0.3689256702,0.0000000000,Baseline
157,0.3711714795,0.3711714795,0.0000000000,Baseline
156,0.3639041494,0.3639041494,0.0000000000,Baseline
155,0.3662519181,0.3662519181,0.0000000000,ReverseGreedy
154,0.3686301773,0.3686301773,0.0000000000,ReverseGreedy
153,0.3683097787,0.3683097787,0.0000000000,Baseline
152,0.3707282765,0.3707282765,0.0000000000,Baseline
151,0.3684267474,0.3684267474,0.0000000000,Baseline
150,0.3688646805,0.3688646805,0.0000000000,Baseline
149,0.3713378895,0.3713402824,0.0000023929,ReverseGreedy
148,0.3673752804,0.3673752804,0.0000000000,Baseline
147,0.3684436833,0.3684436833,0.0000000000,Baseline
146,0.3700724111,0.3700724111,0.0000000000,Baseline
145,0.3681355037,0.3681355037,0.0000000000,Baseline
144,0.3656343824,0.3656343824,0.0000000000,Baseline
143,0.3681912662,0.3681912662,0.0000000000,ReverseGreedy
142,0.3693853260,0.3693853260,0.0000000000,Baseline
141,0.3717714693,0.3717714693,0.0000000000,Baseline
140,0.3696521749,0.3696521749,0.0000000000,Baseline
139,0.3721904504,0.3721904504,0.0000000000,Baseline
138,0.3700992509,0.3700992509,0.0000000000,Baseline
137,0.3703546821,0.3703546821,0.0000000000,Baseline
136,0.3685240505,0.3685240505,0.0000000000,Baseline
135,0.3712512729,0.3712538583,0.0000025854,ReverseGreedy
134,0.3682714855,0.3682714855,0.0000000000,Baseline
133,0.3691361202,0.3691361202,0.0000000000,Baseline
132,0.3707192077,0.3707192077,0.0000000000,Baseline
131,0.3699437026,0.3699437026,0.0000000000,Baseline
130,0.3665844389,0.3665844389,0.0000000000,Baseline
129,0.3694254428,0.3694261787,0.0000007359,ReverseGreedy
128,0.3678478835,0.3678478835,0.0000000000,Baseline
127,0.3694254827,0.3694254827,0.0000000000,Baseline
126,0.3708014042,0.3708014042,0.0000000000,Baseline
125,0.3714925345,0.3714925345,0.0000000000,Baseline
124,0.3713714187,0.3713714187,0.0000000000,Baseline
123,0.3701348993,0.3701348993,0.0000000000,Baseline
122,0.3704325311,0.3704325311,0.0000000000,Baseline
121,0.3668732133,0.3668732133,0.0000000000,Baseline
120,0.3699135618,0.3699135618,0.0000000000,Baseline
119,0.3687679963,0.3687679963,0.0000000000,Baseline
118,0.3718859195,0.3718859195,0.0000000000,ReverseGreedy
117,0.3684489072,0.3684489072,0.0000000000,Baseline
116,0.3716251908,0.3716251908,0.0000000000,ReverseGreedy
115,0.3693710589,0.3693710589,0.0000000000,Baseline
114,0.3703681458,0.3703681458,0.0000000000,Baseline
113,0.3707733588,0.3707733588,0.0000000000,Baseline
112,0.3693265002,0.3693265002,0.0000000000,Baseline
111,0.3726484157,0.3726484157,0.0000000000,Baseline
110,0.3708874255,0.3708874255,0.0000000000,Baseline
109,0.3689779177,0.3689779177,0.0000000000,Baseline
108,0.3723896092,0.3723896092,0.0000000000,Baseline
107,0.3681688912,0.3681688912,0.0000000000,Baseline
106,0.3716421826,0.3716421826,0.0000000000,ReverseGreedy
105,0.3671323627,0.3671323627,0.0000000000,Baseline
104,0.3696612735,0.3696612735,0.0000000000,Baseline
103,0.3708411945,0.3708411945,0.0000000000,Baseline
102,0.3706672089,0.3706672089,0.0000000000,Baseline
101,0.3676389237,0.3676389237,0.0000000000,Baseline
100,0.3693595325,0.3693595325,0.0000000000,Baseline
99,0.3675316409,0.3675316409,0.0000000000,Baseline
98,0.3712819637,0.3712819637,0.0000000000,ReverseGreedy
97,0.3717052253,0.3717052253,0.0000000000,Baseline
96,0.3672546756,0.3672546756,0.0000000000,Baseline
95,0.3711205142,0.3711205142,0.0000000000,ReverseGreedy
94,0.3671124761,0.3671124761,0.0000000000,Baseline
93,0.3670799857,0.3670799857,0.0000000000,Baseline
92,0.3704206667,0.3704206667,0.0000000000,Baseline
91,0.3711801475,0.3711801475,0.0000000000,Baseline
90,0.3720082090,0.3720082090,0.0000000000,Baseline
89,0.3721434846,0.3721434846,0.0000000000,Baseline
88,0.3697296588,0.3697296588,0.0000000000,Baseline
87,0.3726224487,0.3726224487,0.0000000000,Baseline
86,0.3718290228,0.3718290228,0.0000000000,Baseline
85,0.3716520640,0.3716520640,0.0000000000,Baseline
84,0.3685641052,0.3685641052,0.0000000000,Baseline
83,0.3720002893,0.3720002893,0.0000000000,Baseline
82,0.3655559264,0.3655559264,0.0000000000,Baseline
81,0.3696959498,0.3696959498,0.0000000000,Baseline
80,0.3703511212,0.3703511212,0.0000000000,Baseline
79,0.3705422190,0.3705422190,0.0000000000,Baseline
78,0.3681403677,0.3681403677,0.0000000000,Baseline
77,0.3687920823,0.3687920823,0.0000000000,Baseline
76,0.3729894973,0.3729894973,0.0000000000,Baseline
75,0.3683504439,0.3683504439,0.0000000000,Baseline
74,0.3707942833,0.3707942833,0.0000000000,Baseline
73,0.3726082524,0.3726082524,0.0000000000,Baseline
72,0.3696069413,0.3696069413,0.0000000000,Baseline
71,0.3707705020,0.3707705020,0.0000000000,Baseline
70,0.3725298129,0.3725298129,0.0000000000,Baseline
69,0.3678824956,0.3678824956,0.0000000000,Baseline
68,0.3704789884,0.3704789884,0.0000000000,Baseline
67,0.3671401510,0.3671401510,0.0000000000,Baseline
66,0.3662207613,0.3662207613,0.0000000000,Baseline
65,0.3718455976,0.3718455976,0.0000000000,Baseline
64,0.3700246934,0.3700246934,0.0000000000,Baseline
63,0.3687787859,0.3687787859,0.0000000000,Baseline
62,0.3747178557,0.3747178557,0.0000000000,Baseline
61,0.3720677466,0.3720677466,0.0000000000,Baseline
60,0.3713078619,0.3713078619,0.0000000000,Baseline
59,0.3700308543,0.3700308543,0.0000000000,Baseline
58,0.3713882900,0.3713882900,0.0000000000,Baseline
57,0.3701694911,0.3701694911,0.0000000000,Baseline
56,0.3751781257,0.3751781257,0.0000000000,Baseline
55,0.3677276640,0.3677276640,0.0000000000,Baseline
54,0.3745171090,0.3745171090,0.0000000000,Baseline
53,0.3649186275,0.3649186275,0.0000000000,Baseline
52,0.3696094028,0.3696094028,0.0000000000,Baseline
51,0.3714599190,0.3714599190,0.0000000000,Baseline
50,0.3723110555,0.3723110555,0.0000000000,Baseline
49,0.3714087467,0.3714087467,0.0000000000,Baseline
48,0.3749055783,0.3749055783,0.0000000000,Baseline
47,0.3752663206,0.3752663206,0.0000000000,Baseline
46,0.3689368899,0.3689368899,0.0000000000,Baseline
45,0.3673852038,0.3673852038,0.0000000000,Baseline
44,0.3718802355,0.3718802355,0.0000000000,Baseline
43,0.3757729671,0.3757729671,0.0000000000,Baseline
42,0.3710249787,0.3710249787,0.0000000000,Baseline
41,0.3722117674,0.3722117674,0.0000000000,Baseline
40,0.3742340745,0.3742340745,0.0000000000,Baseline
39,0.3639138091,0.3639138091,0.0000000000,Baseline
38,0.3734896484,0.3734897589,0.0000001105,ReverseGreedy
37,0.3720964169,0.3720964169,0.0000000000,Baseline
36,0.3663300916,0.3663300916,0.0000000000,Baseline
35,0.3767963678,0.3767963678,0.0000000000,ReverseGreedy
34,0.3729025111,0.3729025111,0.0000000000,Baseline
33,0.3734378920,0.3734378920,0.0000000000,Baseline
32,0.3678586051,0.3678586051,0.0000000000,Baseline
31,0.3733060821,0.3733060821,0.0000000000,Baseline
30,0.3758019824,0.3758019824,0.0000000000,Baseline
29,0.3779421434,0.3779421434,0.0000000000,Baseline
28,0.3745724669,0.3745724669,0.0000000000,Baseline
27,0.3784286536,0.3784286536,0.0000000000,Baseline
26,0.3773135026,0.3773135026,0.0000000000,Baseline
25,0.3735693319,0.3735693319,0.0000000000,Baseline
24,0.3673412723,0.3673412723,0.0000000000,Baseline
23,0.3704968145,0.3704968145,0.0000000000,Baseline
22,0.3805462034,0.3805462034,0.0000000000,Baseline
21,0.3784942426,0.3784942426,0.0000000000,Baseline
20,0.3788440429,0.3788440429,0.0000000000,Baseline
19,0.3794101499,0.3794101499,0.0000000000,Baseline
18,0.3717529586,0.3717529586,0.0000000000,Baseline
17,0.3709958530,0.3709958530,0.0000000000,Baseline
16,0.3810627472,0.3810627472,0.0000000000,Baseline
15,0.3800670489,0.3800670489,0.0000000000,Baseline
14,0.3824861579,0.3824861579,0.0000000000,Baseline
13,0.3733624570,0.3733624570,0.0000000000,Baseline
12,0.3753299089,0.3753299089,0.0000000000,Baseline
11,0.3771188110,0.3771188110,0.0000000000,Baseline
10,0.3822548140,0.3822548140,0.0000000000,Baseline
9,0.3876630167,0.3876630167,0.0000000000,Baseline
8,0.3904379988,0.3904379988,0.0000000000,Baseline
7,0.4002427025,0.4002427025,0.0000000000,Baseline
6,0.4001085464,0.4001085464,0.0000000000,Baseline
5,0.4171339509,0.4171339509,0.0000000000,Baseline
4,0.4166976601,0.4166976601,0.0000000000,Baseline
3,0.4347455880,0.4347455880,0.0000000000,Baseline
2,0.4507921402,0.4507921402,0.0000000000,Baseline
1,0.6612500000,0.6612500000,0.0000000000,Baseline
